{
  "project_info": {
    "project_number": "944536700526",
    "project_id": "ads-chat1",
    "storage_bucket": "ads-chat1.appspot.com"
  },
  "client": [
    {
      "client_info": {
        "mobilesdk_app_id": "1:944536700526:android:a9e103815526b5a786887f",
        "android_client_info": {
          "package_name": "com.example.ads_chat1"
        }
      },
      "oauth_client": [
        {
          "client_id": "944536700526-r05ck8feb6gqnlhmvcrcr9fcao3rgkc6.apps.googleusercontent.com",
          "client_type": 3
        }
      ],
      "api_key": [
        {
          "current_key": "AIzaSyBEkEtknOGgs7UyXR0ZTMRYoYPtUQaG-Fw"
        }
      ],
      "services": {
        "appinvite_service": {
          "other_platform_oauth_client": [
            {
              "client_id": "944536700526-r05ck8feb6gqnlhmvcrcr9fcao3rgkc6.apps.googleusercontent.com",
              "client_type": 3
            }
          ]
        }
      }
    }
  ],
  "configuration_version": "1"
}